{"last_download_success": 1680151980.7907917, "unseen_downloads": [], "last_download_failure": 1680234843.0273943}